{"stats":{"minecraft:picked_up":{"minecraft:oak_log":2},"minecraft:crafted":{"minecraft:oak_planks":8},"minecraft:killed_by":{"minecraft:creeper":1},"minecraft:mined":{"minecraft:oak_log":2},"minecraft:custom":{"minecraft:jump":106,"minecraft:leave_game":1,"minecraft:time_since_rest":392,"minecraft:deaths":1,"minecraft:walk_on_water_one_cm":258,"minecraft:damage_dealt":70,"minecraft:crouch_one_cm":1186,"minecraft:play_one_minute":5818,"minecraft:sprint_one_cm":11971,"minecraft:damage_taken":335,"minecraft:time_since_death":349,"minecraft:walk_one_cm":10868,"minecraft:sneak_time":288,"minecraft:fall_one_cm":5095,"minecraft:fly_one_cm":25284}},"DataVersion":2586}